cluster,avg_duration_min,median_duration_min,avg_distance_km,median_distance_km,avg_speed_kmh,median_speed_kmh,avg_pickup_hour,pct_weekend,trip_count
0,11.812617223083405,10.166666666666666,2.243343521865901,1.7883152641120923,12.728473023864503,11.311791466890162,8.301947032727963,0.0,410933
1,33.100426536631375,31.266666666666666,12.58416388109116,10.565971135552402,24.820795347731817,23.51037623710764,13.31131619932398,0.25102525214741866,147037
2,11.81370747131201,10.35,2.3149204279067574,1.8907952856475294,12.658419636057772,11.784206269561807,18.654861859479176,0.0,506658
3,10.962697026664246,9.55,2.521127458290216,2.0261788459148335,14.665730133260219,13.628366589770469,12.730322256758633,1.0,374484
